{
  "timestamp": "2026-01-20T16:39:03",
  "gold_duration": 2.288098096847534,
  "etl_duration": 4.161468982696533,
  "total_time": 6.449567079544067
}