{
  "benchmark_timestamp": "2026-01-20T13:53:13.850630",
  "spark_master_url": "local[*]",
  "pandas": {
    "timing": {
      "bronze_ingestion": 14.176056791002338,
      "silver_transformation": 41.75526920899574,
      "gold_aggregation": 91.27228566600388,
      "total": 147.20399212500342
    },
    "data_quality_score": 40.61
  },
  "spark": {
    "timing": {
      "bronze_ingestion": 0,
      "silver_transformation": 76.44596833299875,
      "gold_aggregation": 176.4241442920029,
      "total": 252.95532595800614
    },
    "data_quality_score": 40.61
  },
  "comparison": {
    "silver_speedup": 0.5462062960221752,
    "gold_speedup": 0.517345775048439,
    "total_speedup": 0.5819367177484975,
    "pandas_faster_by": 105.75133383300272,
    "winner": "pandas",
    "winner_reason": "Lower overhead for small datasets"
  }
}